Influencer ID,Category,Tiktok Category
3d_heroes,Art,Art
3d_heroes,Art,Technology
ama.beee,Art,Tutorials
ama.beee,Art,Art
ama.beee,Art,Vlog
artbynikkigee,Art,Art
avanoellemosley,Art,Interviews
avanoellemosley,Art,Art
blakeobk,Art,Education
blakeobk,Art,Art
blakeobk,Art,Animation_Cartoon
bluecrush27,Art,Art
bluecrush27,Art,DIY_Life_Hacks
bluecrush27,Art,Outfit
brainwavebtch,Art,Technology
brainwavebtch,Art,Art
chayeimodel,Art,Makeup
chayeimodel,Art,Art
craftymoms,Art,Family_Parenting
craftymoms,Art,Vlog
craftymoms,Art,Art
damian.dittmer,Art,Pop Culture
damian.dittmer,Art,Art
emmy_ga,Art,Art
fidget_.daqueen,Art,Art
gagekrew,Art,Art
haley.likes.drawing,Art,Art
jaealise,Art,Makeup
jaealise,Art,Art
jeff_sorensen_glass,Art,Art
jeff_sorensen_glass,Art,Vlog
jeff_sorensen_glass,Art,Professional Life
jeffcopelandart,Art,Art
jeffcopelandart,Art,Outfit
kadeanselart,Art,Art
kadeanselart,Art,Vlog
kianasj,Art,Professional Life
kianasj,Art,Art
kyralove14,Art,Vlog
kyralove14,Art,Art
littlefeltedfriends,Art,DIY_Life_Hacks
littlefeltedfriends,Art,Art
littlefeltedfriends,Art,Pets
magpiejay,Art,Art
makeshift_chronicles,Art,Tutorials
makeshift_chronicles,Art,Art
misssie,Art,Art
mysweetadeline,Art,Other Performance
mysweetadeline,Art,Makeup
mysweetadeline,Art,Art
pandoramonrose,Art,Dance
pandoramonrose,Art,Art
rachelkuperman,Art,Pop Culture
rachelkuperman,Art,Art
rachelkuperman,Art,Pets
rebelrebel911,Art,Art
rebelrebel911,Art,Vlog
savannalore,Art,Vlog
savannalore,Art,Education
savannalore,Art,Art
shreddedmilitary,Art,Transition
shreddedmilitary,Art,Art
shreksdumpster,Art,Comedy
shreksdumpster,Art,Art
shreksdumpster,Art,Shoes
smiztok,Art,Art
smiztok,Art,Animation_Cartoon
soyluzzo,Art,Art
stickyartchan,Art,Dance
stickyartchan,Art,Art
sugar.columbia,Art,Food Art_Discovery
sugar.columbia,Art,Art
tattooobabyyy,Art,Art
theendoftheinternet,Art,Hair
theendoftheinternet,Art,Art
tiannalasagna,Art,Art
trav_carves,Art,Art
trav_carves,Art,Vlog
will.snell.683,Art,Art
